name,key,kind,parentKey,country,region,domesticOrIntl,isSystem,isActive,description,latitude,longitude,openingHours,durationMin,bestTime,entryFee,suitabilityTags,googleMapsUrl,iataCode,icaoCode,stationCode,officialName,shortName,sourceUrl
India,india,country,,India,,domestic,true,true,Country catalog root.,,,,,,,,,,,,,,https://www.india.gov.in/
North East India,india/north-east-india,region,india,India,,domestic,true,true,Broad tourism region comprising India's northeastern states.,,,,,,,,,,,,,,https://www.meghalayatourism.in/
Meghalaya,india/north-east-india/meghalaya,state,india/north-east-india,India,,domestic,true,true,"Northeastern hill state known for waterfalls, caves, living-root bridges, sacred forests, clear rivers and Khasi, Jaintia and Garo cultures.",,,,,October to April,,waterfalls|caves|hills|culture,,,,,,,https://www.meghalayatourism.in/
Shillong and Khasi Hills,india/north-east-india/meghalaya/shillong-and-khasi-hills,region,india/north-east-india/meghalaya,India,,domestic,true,true,"Capital region, plateaus, waterfalls, sacred forests and living-root bridge destinations.",,,,,,,,,,,,,,https://www.meghalayatourism.in/
Sohra and Southern Khasi Hills,india/north-east-india/meghalaya/sohra-and-southern-khasi-hills,region,india/north-east-india/meghalaya,India,,domestic,true,true,"Sohra, Mawsynram, caves, waterfalls and Bangladesh-border viewpoints.",,,,,,,,,,,,,,https://www.meghalayatourism.in/
Jaintia Hills,india/north-east-india/meghalaya/jaintia-hills,region,india/north-east-india/meghalaya,India,,domestic,true,true,"Jowai, Nartiang, Dawki, Shnongpdeng, caves and cultural landscapes.",,,,,,,,,,,,,,https://www.meghalayatourism.in/
Ri-Bhoi and Umiam,india/north-east-india/meghalaya/ri-bhoi-and-umiam,region,india/north-east-india/meghalaya,India,,domestic,true,true,"Umiam Lake, Nongpoh, Umroi and forested northern gateways.",,,,,,,,,,,,,,https://www.meghalayatourism.in/
Garo Hills,india/north-east-india/meghalaya/garo-hills,region,india/north-east-india/meghalaya,India,,domestic,true,true,"Tura, Nokrek, Balpakram, Siju, Rongbang Dar and western Meghalaya.",,,,,,,,,,,,,,https://www.meghalayatourism.in/
East Khasi Hills District,india/north-east-india/meghalaya/shillong-and-khasi-hills/east-khasi-hills-district,region,india/north-east-india/meghalaya/shillong-and-khasi-hills,India,,domestic,true,true,Tourism catalog region for East Khasi Hills.,,,,,,,,,,,,,,https://www.meghalayatourism.in/
West Khasi Hills District,india/north-east-india/meghalaya/shillong-and-khasi-hills/west-khasi-hills-district,region,india/north-east-india/meghalaya/shillong-and-khasi-hills,India,,domestic,true,true,Tourism catalog region for West Khasi Hills.,,,,,,,,,,,,,,https://www.meghalayatourism.in/
Eastern West Khasi Hills District,india/north-east-india/meghalaya/shillong-and-khasi-hills/eastern-west-khasi-hills-district,region,india/north-east-india/meghalaya/shillong-and-khasi-hills,India,,domestic,true,true,Tourism catalog region for Eastern West Khasi Hills.,,,,,,,,,,,,,,https://www.meghalayatourism.in/
South West Khasi Hills District,india/north-east-india/meghalaya/sohra-and-southern-khasi-hills/south-west-khasi-hills-district,region,india/north-east-india/meghalaya/sohra-and-southern-khasi-hills,India,,domestic,true,true,Tourism catalog region for South West Khasi Hills.,,,,,,,,,,,,,,https://www.meghalayatourism.in/
East Jaintia Hills District,india/north-east-india/meghalaya/jaintia-hills/east-jaintia-hills-district,region,india/north-east-india/meghalaya/jaintia-hills,India,,domestic,true,true,Tourism catalog region for East Jaintia Hills.,,,,,,,,,,,,,,https://www.meghalayatourism.in/
West Jaintia Hills District,india/north-east-india/meghalaya/jaintia-hills/west-jaintia-hills-district,region,india/north-east-india/meghalaya/jaintia-hills,India,,domestic,true,true,Tourism catalog region for West Jaintia Hills.,,,,,,,,,,,,,,https://www.meghalayatourism.in/
Ri-Bhoi District,india/north-east-india/meghalaya/ri-bhoi-and-umiam/ri-bhoi-district,region,india/north-east-india/meghalaya/ri-bhoi-and-umiam,India,,domestic,true,true,Tourism catalog region for Ri-Bhoi.,,,,,,,,,,,,,,https://www.meghalayatourism.in/
East Garo Hills District,india/north-east-india/meghalaya/garo-hills/east-garo-hills-district,region,india/north-east-india/meghalaya/garo-hills,India,,domestic,true,true,Tourism catalog region for East Garo Hills.,,,,,,,,,,,,,,https://www.meghalayatourism.in/
West Garo Hills District,india/north-east-india/meghalaya/garo-hills/west-garo-hills-district,region,india/north-east-india/meghalaya/garo-hills,India,,domestic,true,true,Tourism catalog region for West Garo Hills.,,,,,,,,,,,,,,https://www.meghalayatourism.in/
South Garo Hills District,india/north-east-india/meghalaya/garo-hills/south-garo-hills-district,region,india/north-east-india/meghalaya/garo-hills,India,,domestic,true,true,Tourism catalog region for South Garo Hills.,,,,,,,,,,,,,,https://www.meghalayatourism.in/
North Garo Hills District,india/north-east-india/meghalaya/garo-hills/north-garo-hills-district,region,india/north-east-india/meghalaya/garo-hills,India,,domestic,true,true,Tourism catalog region for North Garo Hills.,,,,,,,,,,,,,,https://www.meghalayatourism.in/
South West Garo Hills District,india/north-east-india/meghalaya/garo-hills/south-west-garo-hills-district,region,india/north-east-india/meghalaya/garo-hills,India,,domestic,true,true,Tourism catalog region for South West Garo Hills.,,,,,,,,,,,,,,https://www.meghalayatourism.in/
Shillong,india/north-east-india/meghalaya/shillong-and-khasi-hills/east-khasi-hills-district/shillong,city,india/north-east-india/meghalaya/shillong-and-khasi-hills/east-khasi-hills-district,India,,domestic,true,true,"Capital of Meghalaya, known for colonial heritage, music, markets, museums and hill viewpoints.",25.5788,91.8933,,,October to April,,,,,,,,,https://www.meghalayatourism.in/
Ward's Lake,india/north-east-india/meghalaya/shillong-and-khasi-hills/east-khasi-hills-district/shillong/ward-s-lake,landmark,india/north-east-india/meghalaya/shillong-and-khasi-hills/east-khasi-hills-district/shillong,India,,domestic,true,true,Landscaped urban lake with garden paths and boating.,,,,90,,,lake|garden|family,,,,,,,https://www.incredibleindia.gov.in/en/meghalaya/shillong
Police Bazaar,india/north-east-india/meghalaya/shillong-and-khasi-hills/east-khasi-hills-district/shillong/police-bazaar,landmark,india/north-east-india/meghalaya/shillong-and-khasi-hills/east-khasi-hills-district/shillong,India,,domestic,true,true,Central commercial and dining district.,,,,120,,,market|shopping|food,,,,,,,https://www.incredibleindia.gov.in/en/meghalaya/shillong
Don Bosco Museum,india/north-east-india/meghalaya/shillong-and-khasi-hills/east-khasi-hills-district/shillong/don-bosco-museum,landmark,india/north-east-india/meghalaya/shillong-and-khasi-hills/east-khasi-hills-district/shillong,India,,domestic,true,true,Major museum presenting cultures of Northeast India.,,,,150,,,museum|culture|family,,,,,,,https://www.incredibleindia.gov.in/en/meghalaya/shillong
Cathedral of Mary Help of Christians,india/north-east-india/meghalaya/shillong-and-khasi-hills/east-khasi-hills-district/shillong/cathedral-of-mary-help-of-christians,landmark,india/north-east-india/meghalaya/shillong-and-khasi-hills/east-khasi-hills-district/shillong,India,,domestic,true,true,Prominent Catholic cathedral with distinctive architecture.,,,,60,,,church|architecture,,,,,,,https://www.incredibleindia.gov.in/en/meghalaya/shillong
Lady Hydari Park,india/north-east-india/meghalaya/shillong-and-khasi-hills/east-khasi-hills-district/shillong/lady-hydari-park,landmark,india/north-east-india/meghalaya/shillong-and-khasi-hills/east-khasi-hills-district/shillong,India,,domestic,true,true,Landscaped park with botanical and family attractions.,,,,90,,,park|family,,,,,,,https://www.incredibleindia.gov.in/en/meghalaya/shillong
Shillong Golf Course,india/north-east-india/meghalaya/shillong-and-khasi-hills/east-khasi-hills-district/shillong/shillong-golf-course,landmark,india/north-east-india/meghalaya/shillong-and-khasi-hills/east-khasi-hills-district/shillong,India,,domestic,true,true,Historic highland golf course surrounded by pine trees.,,,,90,,,golf|walking,,,,,,,https://www.incredibleindia.gov.in/en/meghalaya/shillong
All Saints Cathedral,india/north-east-india/meghalaya/shillong-and-khasi-hills/east-khasi-hills-district/shillong/all-saints-cathedral,landmark,india/north-east-india/meghalaya/shillong-and-khasi-hills/east-khasi-hills-district/shillong,India,,domestic,true,true,Historic Anglican church in central Shillong.,,,,45,,,church|heritage,,,,,,,https://www.incredibleindia.gov.in/en/meghalaya/shillong
Capt. Williamson Sangma State Museum,india/north-east-india/meghalaya/shillong-and-khasi-hills/east-khasi-hills-district/shillong/capt-williamson-sangma-state-museum,landmark,india/north-east-india/meghalaya/shillong-and-khasi-hills/east-khasi-hills-district/shillong,India,,domestic,true,true,State museum focused on tribal culture and regional history.,,,,90,,,museum|culture,,,,,,,https://www.incredibleindia.gov.in/en/meghalaya/shillong
Rhino Heritage Museum,india/north-east-india/meghalaya/shillong-and-khasi-hills/east-khasi-hills-district/shillong/rhino-heritage-museum,landmark,india/north-east-india/meghalaya/shillong-and-khasi-hills/east-khasi-hills-district/shillong,India,,domestic,true,true,Military heritage museum.,,,,75,,,museum|military,,,,,,,https://www.incredibleindia.gov.in/en/meghalaya/shillong
Air Force Museum Shillong,india/north-east-india/meghalaya/shillong-and-khasi-hills/east-khasi-hills-district/shillong/air-force-museum-shillong,landmark,india/north-east-india/meghalaya/shillong-and-khasi-hills/east-khasi-hills-district/shillong,India,,domestic,true,true,Museum displaying aviation and military exhibits.,,,,90,,,museum|aviation,,,,,,,https://www.incredibleindia.gov.in/en/meghalaya/shillong
Wankhar Entomology Museum,india/north-east-india/meghalaya/shillong-and-khasi-hills/east-khasi-hills-district/shillong/wankhar-entomology-museum,landmark,india/north-east-india/meghalaya/shillong-and-khasi-hills/east-khasi-hills-district/shillong,India,,domestic,true,true,Private museum known for butterfly and insect collections.,,,,75,,,museum|nature,,,,,,,https://www.incredibleindia.gov.in/en/meghalaya/shillong
Botanical Garden Shillong,india/north-east-india/meghalaya/shillong-and-khasi-hills/east-khasi-hills-district/shillong/botanical-garden-shillong,landmark,india/north-east-india/meghalaya/shillong-and-khasi-hills/east-khasi-hills-district/shillong,India,,domestic,true,true,Small botanical garden near Ward's Lake.,,,,60,,,garden|nature,,,,,,,https://www.incredibleindia.gov.in/en/meghalaya/shillong
Shillong Peak,india/north-east-india/meghalaya/shillong-and-khasi-hills/east-khasi-hills-district/shillong/shillong-peak,landmark,india/north-east-india/meghalaya/shillong-and-khasi-hills/east-khasi-hills-district/shillong,India,,domestic,true,true,High viewpoint overlooking Shillong and surrounding hills.,,,,90,,,viewpoint|photography,,,,,,,https://www.incredibleindia.gov.in/en/meghalaya/shillong
Laitkor Peak Viewpoint,india/north-east-india/meghalaya/shillong-and-khasi-hills/east-khasi-hills-district/shillong/laitkor-peak-viewpoint,landmark,india/north-east-india/meghalaya/shillong-and-khasi-hills/east-khasi-hills-district/shillong,India,,domestic,true,true,Hill viewpoint in the Laitkor area.,,,,60,,,viewpoint|sunrise,,,,,,,https://www.incredibleindia.gov.in/en/meghalaya/shillong
Laitumkhrah Market,india/north-east-india/meghalaya/shillong-and-khasi-hills/east-khasi-hills-district/shillong/laitumkhrah-market,landmark,india/north-east-india/meghalaya/shillong-and-khasi-hills/east-khasi-hills-district/shillong,India,,domestic,true,true,Neighbourhood market and food district.,,,,90,,,market|food,,,,,,,https://www.incredibleindia.gov.in/en/meghalaya/shillong
Iewduh Bara Bazaar,india/north-east-india/meghalaya/shillong-and-khasi-hills/east-khasi-hills-district/shillong/iewduh-bara-bazaar,landmark,india/north-east-india/meghalaya/shillong-and-khasi-hills/east-khasi-hills-district/shillong,India,,domestic,true,true,Historic traditional market serving Khasi communities.,,,,120,,,market|culture,,,,,,,https://www.incredibleindia.gov.in/en/meghalaya/shillong
Beadon Falls,india/north-east-india/meghalaya/shillong-and-khasi-hills/east-khasi-hills-district/shillong/beadon-falls,landmark,india/north-east-india/meghalaya/shillong-and-khasi-hills/east-khasi-hills-district/shillong,India,,domestic,true,true,Waterfall in a forested gorge near Shillong.,,,,60,,,waterfall|nature,,,,,,,https://www.incredibleindia.gov.in/en/meghalaya/shillong
Bishop Falls,india/north-east-india/meghalaya/shillong-and-khasi-hills/east-khasi-hills-district/shillong/bishop-falls,landmark,india/north-east-india/meghalaya/shillong-and-khasi-hills/east-khasi-hills-district/shillong,India,,domestic,true,true,Tall waterfall located near Beadon Falls.,,,,60,,,waterfall|nature,,,,,,,https://www.incredibleindia.gov.in/en/meghalaya/shillong
Crinoline Falls,india/north-east-india/meghalaya/shillong-and-khasi-hills/east-khasi-hills-district/shillong/crinoline-falls,landmark,india/north-east-india/meghalaya/shillong-and-khasi-hills/east-khasi-hills-district/shillong,India,,domestic,true,true,Urban waterfall and recreation area.,,,,60,,,waterfall|family,,,,,,,https://www.incredibleindia.gov.in/en/meghalaya/shillong
Mawphlang,india/north-east-india/meghalaya/shillong-and-khasi-hills/east-khasi-hills-district/mawphlang,city,india/north-east-india/meghalaya/shillong-and-khasi-hills/east-khasi-hills-district,India,,domestic,true,true,"Khasi village known for sacred forest, monoliths and cultural landscapes.",,,,,October to April,,,,,,,,,https://www.meghalayatourism.in/
Mawphlang Sacred Forest,india/north-east-india/meghalaya/shillong-and-khasi-hills/east-khasi-hills-district/mawphlang/mawphlang-sacred-forest,landmark,india/north-east-india/meghalaya/shillong-and-khasi-hills/east-khasi-hills-district/mawphlang,India,,domestic,true,true,Community-protected grove rich in biodiversity and Khasi beliefs.,,,,150,,,sacred_forest|walking|culture,,,,,,,https://www.meghalayatourism.in/destinations/
Khasi Heritage Village,india/north-east-india/meghalaya/shillong-and-khasi-hills/east-khasi-hills-district/mawphlang/khasi-heritage-village,landmark,india/north-east-india/meghalaya/shillong-and-khasi-hills/east-khasi-hills-district/mawphlang,India,,domestic,true,true,Cultural interpretation village near the sacred forest.,,,,120,,,culture|village,,,,,,,https://www.meghalayatourism.in/destinations/
Mawphlang Monoliths,india/north-east-india/meghalaya/shillong-and-khasi-hills/east-khasi-hills-district/mawphlang/mawphlang-monoliths,landmark,india/north-east-india/meghalaya/shillong-and-khasi-hills/east-khasi-hills-district/mawphlang,India,,domestic,true,true,Traditional standing stones associated with Khasi history.,,,,60,,,monolith|heritage,,,,,,,https://www.meghalayatourism.in/destinations/
David Scott Trail Mawphlang,india/north-east-india/meghalaya/shillong-and-khasi-hills/east-khasi-hills-district/mawphlang/david-scott-trail-mawphlang,landmark,india/north-east-india/meghalaya/shillong-and-khasi-hills/east-khasi-hills-district/mawphlang,India,,domestic,true,true,"Historic trail route through hills, streams and villages.",,,,300,,,trekking|heritage,,,,,,,https://www.meghalayatourism.in/destinations/
Mawkyrwat,india/north-east-india/meghalaya/sohra-and-southern-khasi-hills/south-west-khasi-hills-district/mawkyrwat,city,india/north-east-india/meghalaya/sohra-and-southern-khasi-hills/south-west-khasi-hills-district,India,,domestic,true,true,"Hill town and gateway to cliffs, valleys and rural Khasi landscapes.",,,,,October to April,,,,,,,,,https://www.meghalayatourism.in/
Symper Rock,india/north-east-india/meghalaya/sohra-and-southern-khasi-hills/south-west-khasi-hills-district/mawkyrwat/symper-rock,landmark,india/north-east-india/meghalaya/sohra-and-southern-khasi-hills/south-west-khasi-hills-district/mawkyrwat,India,,domestic,true,true,Massive rock formation and viewpoint.,,,,120,,,rock|viewpoint,,,,,,,https://www.meghalayatourism.in/destinations/
Jakrem Hot Spring,india/north-east-india/meghalaya/sohra-and-southern-khasi-hills/south-west-khasi-hills-district/mawkyrwat/jakrem-hot-spring,landmark,india/north-east-india/meghalaya/sohra-and-southern-khasi-hills/south-west-khasi-hills-district/mawkyrwat,India,,domestic,true,true,Natural warm-water spring and local bathing destination.,,,,90,,,hot_spring|wellness,,,,,,,https://www.meghalayatourism.in/destinations/
Ranikor River Landscape,india/north-east-india/meghalaya/sohra-and-southern-khasi-hills/south-west-khasi-hills-district/mawkyrwat/ranikor-river-landscape,landmark,india/north-east-india/meghalaya/sohra-and-southern-khasi-hills/south-west-khasi-hills-district/mawkyrwat,India,,domestic,true,true,Clear river and fishing landscape near the Bangladesh border.,,,,180,,,river|nature,,,,,,,https://www.meghalayatourism.in/destinations/
Nongstoin,india/north-east-india/meghalaya/shillong-and-khasi-hills/west-khasi-hills-district/nongstoin,city,india/north-east-india/meghalaya/shillong-and-khasi-hills/west-khasi-hills-district,India,,domestic,true,true,"West Khasi Hills district centre near waterfalls, lakes and monolith sites.",,,,,October to April,,,,,,,,,https://www.meghalayatourism.in/
Nongkhnum River Island,india/north-east-india/meghalaya/shillong-and-khasi-hills/west-khasi-hills-district/nongstoin/nongkhnum-river-island,landmark,india/north-east-india/meghalaya/shillong-and-khasi-hills/west-khasi-hills-district/nongstoin,India,,domestic,true,true,"Large river island formed by the Kynshi River, with beaches and falls.",,,,300,,,island|river|waterfall,,,,,,,https://www.meghalayatourism.in/destinations/
Weinia Falls,india/north-east-india/meghalaya/shillong-and-khasi-hills/west-khasi-hills-district/nongstoin/weinia-falls,landmark,india/north-east-india/meghalaya/shillong-and-khasi-hills/west-khasi-hills-district/nongstoin,India,,domestic,true,true,Broad waterfall near Nongkhnum Island.,,,,120,,,waterfall|nature,,,,,,,https://www.meghalayatourism.in/destinations/
Thum Falls,india/north-east-india/meghalaya/shillong-and-khasi-hills/west-khasi-hills-district/nongstoin/thum-falls,landmark,india/north-east-india/meghalaya/shillong-and-khasi-hills/west-khasi-hills-district/nongstoin,India,,domestic,true,true,Waterfall in the Kynshi river landscape.,,,,90,,,waterfall|river,,,,,,,https://www.meghalayatourism.in/destinations/
Langshiang Falls,india/north-east-india/meghalaya/shillong-and-khasi-hills/west-khasi-hills-district/nongstoin/langshiang-falls,landmark,india/north-east-india/meghalaya/shillong-and-khasi-hills/west-khasi-hills-district/nongstoin,India,,domestic,true,true,Large waterfall formed by the Kynshi River.,,,,180,,,waterfall|viewpoint,,,,,,,https://www.meghalayatourism.in/destinations/
Pamphyrnai Lake,india/north-east-india/meghalaya/shillong-and-khasi-hills/west-khasi-hills-district/nongstoin/pamphyrnai-lake,landmark,india/north-east-india/meghalaya/shillong-and-khasi-hills/west-khasi-hills-district/nongstoin,India,,domestic,true,true,Quiet lake and rural landscape.,,,,90,,,lake|nature,,,,,,,https://www.meghalayatourism.in/destinations/
Mairang,india/north-east-india/meghalaya/shillong-and-khasi-hills/eastern-west-khasi-hills-district/mairang,city,india/north-east-india/meghalaya/shillong-and-khasi-hills/eastern-west-khasi-hills-district,India,,domestic,true,true,Historic Khasi town associated with U Tirot Sing and rural plateau landscapes.,,,,,October to April,,,,,,,,,https://www.meghalayatourism.in/
Tirot Sing Memorial,india/north-east-india/meghalaya/shillong-and-khasi-hills/eastern-west-khasi-hills-district/mairang/tirot-sing-memorial,landmark,india/north-east-india/meghalaya/shillong-and-khasi-hills/eastern-west-khasi-hills-district/mairang,India,,domestic,true,true,Memorial honouring Khasi freedom fighter U Tirot Sing.,,,,60,,,memorial|history,,,,,,,https://www.meghalayatourism.in/destinations/
Kyllang Rock,india/north-east-india/meghalaya/shillong-and-khasi-hills/eastern-west-khasi-hills-district/mairang/kyllang-rock,landmark,india/north-east-india/meghalaya/shillong-and-khasi-hills/eastern-west-khasi-hills-district/mairang,India,,domestic,true,true,Large granite dome offering a climb and panoramic views.,,,,180,,,rock|trekking|viewpoint,,,,,,,https://www.meghalayatourism.in/destinations/
Lum Kyllang Sacred Grove,india/north-east-india/meghalaya/shillong-and-khasi-hills/eastern-west-khasi-hills-district/mairang/lum-kyllang-sacred-grove,landmark,india/north-east-india/meghalaya/shillong-and-khasi-hills/eastern-west-khasi-hills-district/mairang,India,,domestic,true,true,Forest and cultural landscape around Kyllang Rock.,,,,90,,,forest|culture,,,,,,,https://www.meghalayatourism.in/destinations/
Sohra,india/north-east-india/meghalaya/shillong-and-khasi-hills/east-khasi-hills-district/sohra,city,india/north-east-india/meghalaya/shillong-and-khasi-hills/east-khasi-hills-district,India,,domestic,true,true,"High-rainfall plateau destination formerly known as Cherrapunji, famous for waterfalls, caves and living-root bridges.",25.2702,91.7323,,,October to May,,,,,,,,,https://www.meghalayatourism.in/
Nohkalikai Falls,india/north-east-india/meghalaya/shillong-and-khasi-hills/east-khasi-hills-district/sohra/nohkalikai-falls,landmark,india/north-east-india/meghalaya/shillong-and-khasi-hills/east-khasi-hills-district/sohra,India,,domestic,true,true,Very tall plunge waterfall dropping from the Sohra plateau.,,,,90,,,waterfall|viewpoint,,,,,,,https://www.meghalayatourism.in/destinations/
Seven Sisters Falls,india/north-east-india/meghalaya/shillong-and-khasi-hills/east-khasi-hills-district/sohra/seven-sisters-falls,landmark,india/north-east-india/meghalaya/shillong-and-khasi-hills/east-khasi-hills-district/sohra,India,,domestic,true,true,Seasonal segmented waterfall overlooking the Bangladesh plains.,,,,75,,,waterfall|viewpoint,,,,,,,https://www.meghalayatourism.in/destinations/
Mawsmai Cave,india/north-east-india/meghalaya/shillong-and-khasi-hills/east-khasi-hills-district/sohra/mawsmai-cave,landmark,india/north-east-india/meghalaya/shillong-and-khasi-hills/east-khasi-hills-district/sohra,India,,domestic,true,true,Accessible limestone cave with illuminated visitor passages.,,,,90,,,cave|family,,,,,,,https://www.meghalayatourism.in/destinations/
Mawsmai Falls,india/north-east-india/meghalaya/shillong-and-khasi-hills/east-khasi-hills-district/sohra/mawsmai-falls,landmark,india/north-east-india/meghalaya/shillong-and-khasi-hills/east-khasi-hills-district/sohra,India,,domestic,true,true,Waterfall and gorge landscape near Mawsmai.,,,,60,,,waterfall|nature,,,,,,,https://www.meghalayatourism.in/destinations/
Eco Park Sohra,india/north-east-india/meghalaya/shillong-and-khasi-hills/east-khasi-hills-district/sohra/eco-park-sohra,landmark,india/north-east-india/meghalaya/shillong-and-khasi-hills/east-khasi-hills-district/sohra,India,,domestic,true,true,Plateau park with viewpoints toward waterfalls and Bangladesh.,,,,90,,,park|viewpoint,,,,,,,https://www.meghalayatourism.in/destinations/
Dainthlen Falls,india/north-east-india/meghalaya/shillong-and-khasi-hills/east-khasi-hills-district/sohra/dainthlen-falls,landmark,india/north-east-india/meghalaya/shillong-and-khasi-hills/east-khasi-hills-district/sohra,India,,domestic,true,true,Waterfall associated with Khasi folklore.,,,,90,,,waterfall|folklore,,,,,,,https://www.meghalayatourism.in/destinations/
Wei Sawdong Falls,india/north-east-india/meghalaya/shillong-and-khasi-hills/east-khasi-hills-district/sohra/wei-sawdong-falls,landmark,india/north-east-india/meghalaya/shillong-and-khasi-hills/east-khasi-hills-district/sohra,India,,domestic,true,true,Multi-tier turquoise waterfall reached by a steep trail.,,,,150,,,waterfall|trekking,,,,,,,https://www.meghalayatourism.in/destinations/
Wah Kaba Falls,india/north-east-india/meghalaya/shillong-and-khasi-hills/east-khasi-hills-district/sohra/wah-kaba-falls,landmark,india/north-east-india/meghalaya/shillong-and-khasi-hills/east-khasi-hills-district/sohra,India,,domestic,true,true,Cliffside waterfall and valley viewpoint.,,,,75,,,waterfall|viewpoint,,,,,,,https://www.meghalayatourism.in/destinations/
Arwah Cave,india/north-east-india/meghalaya/shillong-and-khasi-hills/east-khasi-hills-district/sohra/arwah-cave,landmark,india/north-east-india/meghalaya/shillong-and-khasi-hills/east-khasi-hills-district/sohra,India,,domestic,true,true,Large cave known for fossils and limestone formations.,,,,120,,,cave|geology,,,,,,,https://www.meghalayatourism.in/destinations/
Krem Mawmluh,india/north-east-india/meghalaya/shillong-and-khasi-hills/east-khasi-hills-district/sohra/krem-mawmluh,landmark,india/north-east-india/meghalaya/shillong-and-khasi-hills/east-khasi-hills-district/sohra,India,,domestic,true,true,Major cave system near Sohra; exploration requires appropriate guidance.,,,,180,,,cave|adventure,,,,,,,https://www.meghalayatourism.in/destinations/
Thangkharang Park,india/north-east-india/meghalaya/shillong-and-khasi-hills/east-khasi-hills-district/sohra/thangkharang-park,landmark,india/north-east-india/meghalaya/shillong-and-khasi-hills/east-khasi-hills-district/sohra,India,,domestic,true,true,Cliff-edge park with views toward Bangladesh and Kynrem Falls.,,,,90,,,park|viewpoint,,,,,,,https://www.meghalayatourism.in/destinations/
Kynrem Falls,india/north-east-india/meghalaya/shillong-and-khasi-hills/east-khasi-hills-district/sohra/kynrem-falls,landmark,india/north-east-india/meghalaya/shillong-and-khasi-hills/east-khasi-hills-district/sohra,India,,domestic,true,true,Three-tier waterfall inside Thangkharang Park landscape.,,,,75,,,waterfall|viewpoint,,,,,,,https://www.meghalayatourism.in/destinations/
Khoh Ramhah,india/north-east-india/meghalaya/shillong-and-khasi-hills/east-khasi-hills-district/sohra/khoh-ramhah,landmark,india/north-east-india/meghalaya/shillong-and-khasi-hills/east-khasi-hills-district/sohra,India,,domestic,true,true,Large rock formation also called Motrop.,,,,45,,,rock|viewpoint,,,,,,,https://www.meghalayatourism.in/destinations/
Ram Krishna Mission Museum Sohra,india/north-east-india/meghalaya/shillong-and-khasi-hills/east-khasi-hills-district/sohra/ram-krishna-mission-museum-sohra,landmark,india/north-east-india/meghalaya/shillong-and-khasi-hills/east-khasi-hills-district/sohra,India,,domestic,true,true,Museum and cultural institution documenting Khasi life.,,,,90,,,museum|culture,,,,,,,https://www.meghalayatourism.in/destinations/
Mawkdok Dympep Valley Viewpoint,india/north-east-india/meghalaya/shillong-and-khasi-hills/east-khasi-hills-district/sohra/mawkdok-dympep-valley-viewpoint,landmark,india/north-east-india/meghalaya/shillong-and-khasi-hills/east-khasi-hills-district/sohra,India,,domestic,true,true,Roadside viewpoint over a deep forested valley.,,,,60,,,viewpoint|zipline,,,,,,,https://www.meghalayatourism.in/destinations/
Nongriat,india/north-east-india/meghalaya/shillong-and-khasi-hills/east-khasi-hills-district/nongriat,city,india/north-east-india/meghalaya/shillong-and-khasi-hills/east-khasi-hills-district,India,,domestic,true,true,"Remote Khasi village reached by a long stair trail, known for living-root bridges and natural pools.",,,,,October to April,,,,,,,,,https://www.meghalayatourism.in/
Double Decker Living Root Bridge,india/north-east-india/meghalaya/shillong-and-khasi-hills/east-khasi-hills-district/nongriat/double-decker-living-root-bridge,landmark,india/north-east-india/meghalaya/shillong-and-khasi-hills/east-khasi-hills-district/nongriat,India,,domestic,true,true,Two-level bridge formed from living rubber-tree roots.,,,,240,,,living_root_bridge|trekking,,,,,,,https://www.meghalayatourism.in/destinations/
Rainbow Falls,india/north-east-india/meghalaya/shillong-and-khasi-hills/east-khasi-hills-district/nongriat/rainbow-falls,landmark,india/north-east-india/meghalaya/shillong-and-khasi-hills/east-khasi-hills-district/nongriat,India,,domestic,true,true,Turquoise waterfall reached by a forest trail beyond Nongriat.,,,,300,,,waterfall|trekking,,,,,,,https://www.meghalayatourism.in/destinations/
Nongriat Natural Pools,india/north-east-india/meghalaya/shillong-and-khasi-hills/east-khasi-hills-district/nongriat/nongriat-natural-pools,landmark,india/north-east-india/meghalaya/shillong-and-khasi-hills/east-khasi-hills-district/nongriat,India,,domestic,true,true,Clear stream pools along the village trail.,,,,120,,,natural_pool|trekking,,,,,,,https://www.meghalayatourism.in/destinations/
Single Decker Root Bridge Nongriat,india/north-east-india/meghalaya/shillong-and-khasi-hills/east-khasi-hills-district/nongriat/single-decker-root-bridge-nongriat,landmark,india/north-east-india/meghalaya/shillong-and-khasi-hills/east-khasi-hills-district/nongriat,India,,domestic,true,true,Living-root bridge on the approach trail.,,,,90,,,living_root_bridge|walking,,,,,,,https://www.meghalayatourism.in/destinations/
Tyrna,india/north-east-india/meghalaya/shillong-and-khasi-hills/east-khasi-hills-district/tyrna,city,india/north-east-india/meghalaya/shillong-and-khasi-hills/east-khasi-hills-district,India,,domestic,true,true,Roadhead village for the Nongriat living-root bridge trek.,,,,,October to April,,,,,,,,,https://www.meghalayatourism.in/
Nongriat Trek Trailhead,india/north-east-india/meghalaya/shillong-and-khasi-hills/east-khasi-hills-district/tyrna/nongriat-trek-trailhead,landmark,india/north-east-india/meghalaya/shillong-and-khasi-hills/east-khasi-hills-district/tyrna,India,,domestic,true,true,Main stairway trailhead leading to Nongriat.,,,,30,,,trekking|trailhead,,,,,,,https://www.meghalayatourism.in/destinations/
Tyrna Valley Viewpoint,india/north-east-india/meghalaya/shillong-and-khasi-hills/east-khasi-hills-district/tyrna/tyrna-valley-viewpoint,landmark,india/north-east-india/meghalaya/shillong-and-khasi-hills/east-khasi-hills-district/tyrna,India,,domestic,true,true,Valley viewpoint at the start of the Nongriat route.,,,,45,,,viewpoint|valley,,,,,,,https://www.meghalayatourism.in/destinations/
Mawsynram,india/north-east-india/meghalaya/shillong-and-khasi-hills/east-khasi-hills-district/mawsynram,city,india/north-east-india/meghalaya/shillong-and-khasi-hills/east-khasi-hills-district,India,,domestic,true,true,High-rainfall Khasi settlement known for caves and monsoon landscapes.,,,,,October to April,,,,,,,,,https://www.meghalayatourism.in/
Mawjymbuin Cave,india/north-east-india/meghalaya/shillong-and-khasi-hills/east-khasi-hills-district/mawsynram/mawjymbuin-cave,landmark,india/north-east-india/meghalaya/shillong-and-khasi-hills/east-khasi-hills-district/mawsynram,India,,domestic,true,true,Limestone cave with a naturally formed stalagmite shrine.,,,,90,,,cave|religious,,,,,,,https://www.meghalayatourism.in/destinations/
Mawsynram Viewpoint,india/north-east-india/meghalaya/shillong-and-khasi-hills/east-khasi-hills-district/mawsynram/mawsynram-viewpoint,landmark,india/north-east-india/meghalaya/shillong-and-khasi-hills/east-khasi-hills-district/mawsynram,India,,domestic,true,true,Plateau and valley viewpoint around the village.,,,,60,,,viewpoint|rain,,,,,,,https://www.meghalayatourism.in/destinations/
Mawlyngbna,india/north-east-india/meghalaya/shillong-and-khasi-hills/east-khasi-hills-district/mawsynram/mawlyngbna,landmark,india/north-east-india/meghalaya/shillong-and-khasi-hills/east-khasi-hills-district/mawsynram,India,,domestic,true,true,"Adventure and village-tourism destination with fossils, pools and forest trails.",,,,240,,,village|adventure,,,,,,,https://www.meghalayatourism.in/destinations/
Umkhakoi Reservoir,india/north-east-india/meghalaya/shillong-and-khasi-hills/east-khasi-hills-district/mawsynram/umkhakoi-reservoir,landmark,india/north-east-india/meghalaya/shillong-and-khasi-hills/east-khasi-hills-district/mawsynram,India,,domestic,true,true,Small reservoir and recreation landscape.,,,,90,,,lake|nature,,,,,,,https://www.meghalayatourism.in/destinations/
Mawlyngbna,india/north-east-india/meghalaya/shillong-and-khasi-hills/east-khasi-hills-district/mawlyngbna,city,india/north-east-india/meghalaya/shillong-and-khasi-hills/east-khasi-hills-district,India,,domestic,true,true,"Community tourism village known for fossils, forest pools and adventure activities.",,,,,October to April,,,,,,,,,https://www.meghalayatourism.in/
Mawlyngbna Fossil Park,india/north-east-india/meghalaya/shillong-and-khasi-hills/east-khasi-hills-district/mawlyngbna/mawlyngbna-fossil-park,landmark,india/north-east-india/meghalaya/shillong-and-khasi-hills/east-khasi-hills-district/mawlyngbna,India,,domestic,true,true,Rock surfaces containing ancient marine fossil impressions.,,,,90,,,fossil|geology,,,,,,,https://www.meghalayatourism.in/destinations/
Umkhakoi Lake,india/north-east-india/meghalaya/shillong-and-khasi-hills/east-khasi-hills-district/mawlyngbna/umkhakoi-lake,landmark,india/north-east-india/meghalaya/shillong-and-khasi-hills/east-khasi-hills-district/mawlyngbna,India,,domestic,true,true,Reservoir used for kayaking and recreation.,,,,120,,,lake|kayaking,,,,,,,https://www.meghalayatourism.in/destinations/
Split Rock,india/north-east-india/meghalaya/shillong-and-khasi-hills/east-khasi-hills-district/mawlyngbna/split-rock,landmark,india/north-east-india/meghalaya/shillong-and-khasi-hills/east-khasi-hills-district/mawlyngbna,India,,domestic,true,true,Narrow rock formation and adventure route.,,,,120,,,rock|adventure,,,,,,,https://www.meghalayatourism.in/destinations/
Pitcher Plant Farm,india/north-east-india/meghalaya/shillong-and-khasi-hills/east-khasi-hills-district/mawlyngbna/pitcher-plant-farm,landmark,india/north-east-india/meghalaya/shillong-and-khasi-hills/east-khasi-hills-district/mawlyngbna,India,,domestic,true,true,Area featuring Meghalaya's native pitcher plants.,,,,75,,,botanical|nature,,,,,,,https://www.meghalayatourism.in/destinations/
Dawki,india/north-east-india/meghalaya/jaintia-hills/west-jaintia-hills-district/dawki,city,india/north-east-india/meghalaya/jaintia-hills/west-jaintia-hills-district,India,,domestic,true,true,Border town on the clear Umngot River and gateway to Bangladesh trade routes.,25.1842,92.0247,,,October to April,,,,,,,,,https://www.meghalayatourism.in/
Umngot River,india/north-east-india/meghalaya/jaintia-hills/west-jaintia-hills-district/dawki/umngot-river,landmark,india/north-east-india/meghalaya/jaintia-hills/west-jaintia-hills-district/dawki,India,,domestic,true,true,Clear river famous for boating and seasonal transparent-water views.,,,,150,,,river|boating,,,,,,,https://www.meghalayatourism.in/destinations/
Dawki Suspension Bridge,india/north-east-india/meghalaya/jaintia-hills/west-jaintia-hills-district/dawki/dawki-suspension-bridge,landmark,india/north-east-india/meghalaya/jaintia-hills/west-jaintia-hills-district/dawki,India,,domestic,true,true,Historic bridge spanning the Umngot River.,,,,45,,,bridge|heritage,,,,,,,https://www.meghalayatourism.in/destinations/
Dawki-Tamabil Border Viewpoint,india/north-east-india/meghalaya/jaintia-hills/west-jaintia-hills-district/dawki/dawki-tamabil-border-viewpoint,landmark,india/north-east-india/meghalaya/jaintia-hills/west-jaintia-hills-district/dawki,India,,domestic,true,true,"India-Bangladesh border and trade gateway, subject to security controls.",,,,45,,,border|viewpoint,,,,,,,https://www.meghalayatourism.in/destinations/
Dawki River Camping Area,india/north-east-india/meghalaya/jaintia-hills/west-jaintia-hills-district/dawki/dawki-river-camping-area,landmark,india/north-east-india/meghalaya/jaintia-hills/west-jaintia-hills-district/dawki,India,,domestic,true,true,Seasonal riverbank camping and recreation zone.,,,,180,,,camping|river,,,,,,,https://www.meghalayatourism.in/destinations/
Shnongpdeng,india/north-east-india/meghalaya/jaintia-hills/west-jaintia-hills-district/shnongpdeng,city,india/north-east-india/meghalaya/jaintia-hills/west-jaintia-hills-district,India,,domestic,true,true,"Riverside village known for clear water, camping and adventure activities.",,,,,October to April,,,,,,,,,https://www.meghalayatourism.in/
Shnongpdeng Riverside,india/north-east-india/meghalaya/jaintia-hills/west-jaintia-hills-district/shnongpdeng/shnongpdeng-riverside,landmark,india/north-east-india/meghalaya/jaintia-hills/west-jaintia-hills-district/shnongpdeng,India,,domestic,true,true,Clear-water riverbank and village recreation zone.,,,,180,,,river|camping,,,,,,,https://www.meghalayatourism.in/destinations/
Shnongpdeng Suspension Bridge,india/north-east-india/meghalaya/jaintia-hills/west-jaintia-hills-district/shnongpdeng/shnongpdeng-suspension-bridge,landmark,india/north-east-india/meghalaya/jaintia-hills/west-jaintia-hills-district/shnongpdeng,India,,domestic,true,true,Pedestrian suspension bridge over the Umngot.,,,,45,,,bridge|viewpoint,,,,,,,https://www.meghalayatourism.in/destinations/
Umngot Kayaking Zone,india/north-east-india/meghalaya/jaintia-hills/west-jaintia-hills-district/shnongpdeng/umngot-kayaking-zone,landmark,india/north-east-india/meghalaya/jaintia-hills/west-jaintia-hills-district/shnongpdeng,India,,domestic,true,true,Kayaking and boating area where locally operational.,,,,120,,,kayaking|river|adventure,,,,,,,https://www.meghalayatourism.in/destinations/
Shnongpdeng River Snorkelling Area,india/north-east-india/meghalaya/jaintia-hills/west-jaintia-hills-district/shnongpdeng/shnongpdeng-river-snorkelling-area,landmark,india/north-east-india/meghalaya/jaintia-hills/west-jaintia-hills-district/shnongpdeng,India,,domestic,true,true,Clear-water activity zone subject to local operators and conditions.,,,,90,,,snorkelling|river,,,,,,,https://www.meghalayatourism.in/destinations/
Mawlynnong,india/north-east-india/meghalaya/shillong-and-khasi-hills/east-khasi-hills-district/mawlynnong,city,india/north-east-india/meghalaya/shillong-and-khasi-hills/east-khasi-hills-district,India,,domestic,true,true,"Khasi village known for community cleanliness, gardens and nearby living-root bridge.",,,,,October to April,,,,,,,,,https://www.meghalayatourism.in/
Mawlynnong Village Walk,india/north-east-india/meghalaya/shillong-and-khasi-hills/east-khasi-hills-district/mawlynnong/mawlynnong-village-walk,landmark,india/north-east-india/meghalaya/shillong-and-khasi-hills/east-khasi-hills-district/mawlynnong,India,,domestic,true,true,"Community lanes, gardens and traditional Khasi homes.",,,,120,,,village|walking|culture,,,,,,,https://www.meghalayatourism.in/destinations/
Sky View Bamboo Tower,india/north-east-india/meghalaya/shillong-and-khasi-hills/east-khasi-hills-district/mawlynnong/sky-view-bamboo-tower,landmark,india/north-east-india/meghalaya/shillong-and-khasi-hills/east-khasi-hills-district/mawlynnong,India,,domestic,true,true,Bamboo viewing platform overlooking forest and Bangladesh plains.,,,,60,,,viewpoint|bamboo,,,,,,,https://www.meghalayatourism.in/destinations/
Balancing Rock Mawlynnong,india/north-east-india/meghalaya/shillong-and-khasi-hills/east-khasi-hills-district/mawlynnong/balancing-rock-mawlynnong,landmark,india/north-east-india/meghalaya/shillong-and-khasi-hills/east-khasi-hills-district/mawlynnong,India,,domestic,true,true,Large boulder balanced on a smaller rock.,,,,30,,,rock|photography,,,,,,,https://www.meghalayatourism.in/destinations/
Riwai Living Root Bridge,india/north-east-india/meghalaya/shillong-and-khasi-hills/east-khasi-hills-district/mawlynnong/riwai-living-root-bridge,landmark,india/north-east-india/meghalaya/shillong-and-khasi-hills/east-khasi-hills-district/mawlynnong,India,,domestic,true,true,Accessible living-root bridge near Riwai village.,,,,90,,,living_root_bridge|walking,,,,,,,https://www.meghalayatourism.in/destinations/
Pynursla,india/north-east-india/meghalaya/shillong-and-khasi-hills/east-khasi-hills-district/pynursla,city,india/north-east-india/meghalaya/shillong-and-khasi-hills/east-khasi-hills-district,India,,domestic,true,true,"Khasi hill town and gateway to border villages, root bridges and waterfalls.",,,,,October to April,,,,,,,,,https://www.meghalayatourism.in/
Wah Rilang Viewpoint,india/north-east-india/meghalaya/shillong-and-khasi-hills/east-khasi-hills-district/pynursla/wah-rilang-viewpoint,landmark,india/north-east-india/meghalaya/shillong-and-khasi-hills/east-khasi-hills-district/pynursla,India,,domestic,true,true,Valley and river landscape viewpoint.,,,,60,,,viewpoint|river,,,,,,,https://www.meghalayatourism.in/destinations/
Nohwet Living Root Bridge,india/north-east-india/meghalaya/shillong-and-khasi-hills/east-khasi-hills-district/pynursla/nohwet-living-root-bridge,landmark,india/north-east-india/meghalaya/shillong-and-khasi-hills/east-khasi-hills-district/pynursla,India,,domestic,true,true,Traditional root bridge near Nohwet village.,,,,120,,,living_root_bridge|walking,,,,,,,https://www.meghalayatourism.in/destinations/
Mawshun Cave,india/north-east-india/meghalaya/shillong-and-khasi-hills/east-khasi-hills-district/pynursla/mawshun-cave,landmark,india/north-east-india/meghalaya/shillong-and-khasi-hills/east-khasi-hills-district/pynursla,India,,domestic,true,true,Local limestone cave requiring appropriate guidance.,,,,120,,,cave|adventure,,,,,,,https://www.meghalayatourism.in/destinations/
Jowai,india/north-east-india/meghalaya/jaintia-hills/west-jaintia-hills-district/jowai,city,india/north-east-india/meghalaya/jaintia-hills/west-jaintia-hills-district,India,,domestic,true,true,"Jaintia Hills district centre known for lakes, monoliths, waterfalls and festivals.",25.4509,92.2087,,,October to April,,,,,,,,,https://www.meghalayatourism.in/
Thadlaskein Lake,india/north-east-india/meghalaya/jaintia-hills/west-jaintia-hills-district/jowai/thadlaskein-lake,landmark,india/north-east-india/meghalaya/jaintia-hills/west-jaintia-hills-district/jowai,India,,domestic,true,true,Historic lake associated with Jaintia folklore.,,,,90,,,lake|folklore,,,,,,,https://www.meghalayatourism.in/destinations/
Ialong Park,india/north-east-india/meghalaya/jaintia-hills/west-jaintia-hills-district/jowai/ialong-park,landmark,india/north-east-india/meghalaya/jaintia-hills/west-jaintia-hills-district/jowai,India,,domestic,true,true,Hill park and viewpoint near Jowai.,,,,75,,,park|viewpoint,,,,,,,https://www.meghalayatourism.in/destinations/
Tyrshi Falls,india/north-east-india/meghalaya/jaintia-hills/west-jaintia-hills-district/jowai/tyrshi-falls,landmark,india/north-east-india/meghalaya/jaintia-hills/west-jaintia-hills-district/jowai,India,,domestic,true,true,Waterfall reached by a stepped path and bridge.,,,,90,,,waterfall|walking,,,,,,,https://www.meghalayatourism.in/destinations/
Syntu Ksiar,india/north-east-india/meghalaya/jaintia-hills/west-jaintia-hills-district/jowai/syntu-ksiar,landmark,india/north-east-india/meghalaya/jaintia-hills/west-jaintia-hills-district/jowai,India,,domestic,true,true,Riverbank memorial and recreation area on the Myntdu River.,,,,75,,,riverfront|memorial,,,,,,,https://www.meghalayatourism.in/destinations/
Stone Bridge Jowai,india/north-east-india/meghalaya/jaintia-hills/west-jaintia-hills-district/jowai/stone-bridge-jowai,landmark,india/north-east-india/meghalaya/jaintia-hills/west-jaintia-hills-district/jowai,India,,domestic,true,true,Historic stone bridge in the Jaintia landscape.,,,,45,,,bridge|heritage,,,,,,,https://www.meghalayatourism.in/destinations/
Nartiang,india/north-east-india/meghalaya/jaintia-hills/west-jaintia-hills-district/nartiang,city,india/north-east-india/meghalaya/jaintia-hills/west-jaintia-hills-district,India,,domestic,true,true,Historic Jaintia settlement known for monoliths and Durga temple.,,,,,October to April,,,,,,,,,https://www.meghalayatourism.in/
Nartiang Monoliths,india/north-east-india/meghalaya/jaintia-hills/west-jaintia-hills-district/nartiang/nartiang-monoliths,landmark,india/north-east-india/meghalaya/jaintia-hills/west-jaintia-hills-district/nartiang,India,,domestic,true,true,Large collection of standing and table stones.,,,,90,,,monolith|heritage,,,,,,,https://www.meghalayatourism.in/destinations/
Nartiang Durga Temple,india/north-east-india/meghalaya/jaintia-hills/west-jaintia-hills-district/nartiang/nartiang-durga-temple,landmark,india/north-east-india/meghalaya/jaintia-hills/west-jaintia-hills-district/nartiang,India,,domestic,true,true,Historic Shakti temple associated with Jaintia royalty.,,,,75,,,religious|heritage,,,,,,,https://www.meghalayatourism.in/destinations/
Amlarem,india/north-east-india/meghalaya/jaintia-hills/west-jaintia-hills-district/amlarem,city,india/north-east-india/meghalaya/jaintia-hills/west-jaintia-hills-district,India,,domestic,true,true,Subdivisional town and gateway to waterfalls and border landscapes.,,,,,October to April,,,,,,,,,https://www.meghalayatourism.in/
Krang Suri Falls,india/north-east-india/meghalaya/jaintia-hills/west-jaintia-hills-district/amlarem/krang-suri-falls,landmark,india/north-east-india/meghalaya/jaintia-hills/west-jaintia-hills-district/amlarem,India,,domestic,true,true,Turquoise waterfall and natural pool near Amlarem.,,,,150,,,waterfall|natural_pool,,,,,,,https://www.meghalayatourism.in/destinations/
Lalong Park,india/north-east-india/meghalaya/jaintia-hills/west-jaintia-hills-district/amlarem/lalong-park,landmark,india/north-east-india/meghalaya/jaintia-hills/west-jaintia-hills-district/amlarem,India,,domestic,true,true,Viewpoint and park overlooking the Myntdu valley.,,,,60,,,park|viewpoint,,,,,,,https://www.meghalayatourism.in/destinations/
Umlawan Cave,india/north-east-india/meghalaya/jaintia-hills/west-jaintia-hills-district/amlarem/umlawan-cave,landmark,india/north-east-india/meghalaya/jaintia-hills/west-jaintia-hills-district/amlarem,India,,domestic,true,true,Large cave system near Lumshnong region; specialist access may be required.,,,,180,,,cave|adventure,,,,,,,https://www.meghalayatourism.in/destinations/
Lumshnong,india/north-east-india/meghalaya/jaintia-hills/east-jaintia-hills-district/lumshnong,city,india/north-east-india/meghalaya/jaintia-hills/east-jaintia-hills-district,India,,domestic,true,true,Limestone and cave-region settlement in eastern Meghalaya.,,,,,October to April,,,,,,,,,https://www.meghalayatourism.in/
Krem Liat Prah,india/north-east-india/meghalaya/jaintia-hills/east-jaintia-hills-district/lumshnong/krem-liat-prah,landmark,india/north-east-india/meghalaya/jaintia-hills/east-jaintia-hills-district/lumshnong,India,,domestic,true,true,Extensive cave system; access requires trained guides and equipment.,,,,300,,,cave|expedition,,,,,,,https://www.meghalayatourism.in/destinations/
Krem Labbit,india/north-east-india/meghalaya/jaintia-hills/east-jaintia-hills-district/lumshnong/krem-labbit,landmark,india/north-east-india/meghalaya/jaintia-hills/east-jaintia-hills-district/lumshnong,India,,domestic,true,true,Limestone cave in the Jaintia Hills.,,,,180,,,cave|adventure,,,,,,,https://www.meghalayatourism.in/destinations/
Krem Umthloo,india/north-east-india/meghalaya/jaintia-hills/east-jaintia-hills-district/lumshnong/krem-umthloo,landmark,india/north-east-india/meghalaya/jaintia-hills/east-jaintia-hills-district/lumshnong,India,,domestic,true,true,Cave system in the Lumshnong region.,,,,180,,,cave|adventure,,,,,,,https://www.meghalayatourism.in/destinations/
Krem Synrang Labbit,india/north-east-india/meghalaya/jaintia-hills/east-jaintia-hills-district/lumshnong/krem-synrang-labbit,landmark,india/north-east-india/meghalaya/jaintia-hills/east-jaintia-hills-district/lumshnong,India,,domestic,true,true,Technical cave system requiring specialised guidance.,,,,240,,,cave|expedition,,,,,,,https://www.meghalayatourism.in/destinations/
Lad Rymbai,india/north-east-india/meghalaya/jaintia-hills/east-jaintia-hills-district/lad-rymbai,city,india/north-east-india/meghalaya/jaintia-hills/east-jaintia-hills-district,India,,domestic,true,true,"Town near mining landscapes, caves and forest routes.",,,,,October to April,,,,,,,,,https://www.meghalayatourism.in/
Borghat Border Landscape,india/north-east-india/meghalaya/jaintia-hills/east-jaintia-hills-district/lad-rymbai/borghat-border-landscape,landmark,india/north-east-india/meghalaya/jaintia-hills/east-jaintia-hills-district/lad-rymbai,India,,domestic,true,true,Rural border and limestone-hill landscape.,,,,120,,,landscape|road_trip,,,,,,,https://www.meghalayatourism.in/destinations/
Khliehriat Viewpoint,india/north-east-india/meghalaya/jaintia-hills/east-jaintia-hills-district/lad-rymbai/khliehriat-viewpoint,landmark,india/north-east-india/meghalaya/jaintia-hills/east-jaintia-hills-district/lad-rymbai,India,,domestic,true,true,Hill and valley viewpoint near Khliehriat.,,,,60,,,viewpoint|hill,,,,,,,https://www.meghalayatourism.in/destinations/
Nongpoh,india/north-east-india/meghalaya/ri-bhoi-and-umiam/ri-bhoi-district/nongpoh,city,india/north-east-india/meghalaya/ri-bhoi-and-umiam/ri-bhoi-district,India,,domestic,true,true,"Road gateway between Guwahati and Shillong, known for lakes and forested hills.",,,,,October to April,,,,,,,,,https://www.meghalayatourism.in/
Umiam Lake,india/north-east-india/meghalaya/ri-bhoi-and-umiam/ri-bhoi-district/nongpoh/umiam-lake,landmark,india/north-east-india/meghalaya/ri-bhoi-and-umiam/ri-bhoi-district/nongpoh,India,,domestic,true,true,"Large reservoir north of Shillong, popular for viewpoints and water activities.",,,,150,,,lake|boating|family,,,,,,,https://www.meghalayatourism.in/destinations/
Umiam Lake Viewpoint,india/north-east-india/meghalaya/ri-bhoi-and-umiam/ri-bhoi-district/nongpoh/umiam-lake-viewpoint,landmark,india/north-east-india/meghalaya/ri-bhoi-and-umiam/ri-bhoi-district/nongpoh,India,,domestic,true,true,Roadside viewpoint overlooking the reservoir.,,,,45,,,viewpoint|lake,,,,,,,https://www.meghalayatourism.in/destinations/
Lum Nehru Park,india/north-east-india/meghalaya/ri-bhoi-and-umiam/ri-bhoi-district/nongpoh/lum-nehru-park,landmark,india/north-east-india/meghalaya/ri-bhoi-and-umiam/ri-bhoi-district/nongpoh,India,,domestic,true,true,Lakeside park and recreation area.,,,,90,,,park|family,,,,,,,https://www.meghalayatourism.in/destinations/
Orchid Lake Resort Water Sports Area,india/north-east-india/meghalaya/ri-bhoi-and-umiam/ri-bhoi-district/nongpoh/orchid-lake-resort-water-sports-area,landmark,india/north-east-india/meghalaya/ri-bhoi-and-umiam/ri-bhoi-district/nongpoh,India,,domestic,true,true,Water activity zone on Umiam Lake where operational.,,,,120,,,water_sports|lake,,,,,,,https://www.meghalayatourism.in/destinations/
Nongkhyllem Wildlife Sanctuary,india/north-east-india/meghalaya/ri-bhoi-and-umiam/ri-bhoi-district/nongpoh/nongkhyllem-wildlife-sanctuary,landmark,india/north-east-india/meghalaya/ri-bhoi-and-umiam/ri-bhoi-district/nongpoh,India,,domestic,true,true,Forest and grassland sanctuary in Ri-Bhoi.,,,,240,,,wildlife|forest,,,,,,,https://www.meghalayatourism.in/destinations/
Umroi,india/north-east-india/meghalaya/ri-bhoi-and-umiam/ri-bhoi-district/umroi,city,india/north-east-india/meghalaya/ri-bhoi-and-umiam/ri-bhoi-district,India,,domestic,true,true,Airport locality northeast of Shillong.,,,,,October to April,,,,,,,,,https://www.meghalayatourism.in/
Umroi Lake,india/north-east-india/meghalaya/ri-bhoi-and-umiam/ri-bhoi-district/umroi/umroi-lake,landmark,india/north-east-india/meghalaya/ri-bhoi-and-umiam/ri-bhoi-district/umroi,India,,domestic,true,true,Small scenic lake near Umroi.,,,,90,,,lake|nature,,,,,,,https://www.meghalayatourism.in/destinations/
Dwar Ksuid,india/north-east-india/meghalaya/ri-bhoi-and-umiam/ri-bhoi-district/umroi/dwar-ksuid,landmark,india/north-east-india/meghalaya/ri-bhoi-and-umiam/ri-bhoi-district/umroi,India,,domestic,true,true,Rocky river gorge and clear-water picnic destination.,,,,150,,,river|gorge|picnic,,,,,,,https://www.meghalayatourism.in/destinations/
Shillong Airport,india/north-east-india/meghalaya/ri-bhoi-and-umiam/ri-bhoi-district/umroi/shillong-airport,airport,india/north-east-india/meghalaya/ri-bhoi-and-umiam/ri-bhoi-district/umroi,India,,domestic,true,true,Operational airport at Umroi serving Shillong and Meghalaya.,,,,,,,,,SHL,VEBI,,Shillong Airport,Umroi Airport,https://www.aai.aero/en/airports/shillong
Byrnihat,india/north-east-india/meghalaya/ri-bhoi-and-umiam/ri-bhoi-district/byrnihat,city,india/north-east-india/meghalaya/ri-bhoi-and-umiam/ri-bhoi-district,India,,domestic,true,true,Industrial and transport gateway at the Assam-Meghalaya border.,,,,,October to April,,,,,,,,,https://www.meghalayatourism.in/
Umiam River Valley Byrnihat,india/north-east-india/meghalaya/ri-bhoi-and-umiam/ri-bhoi-district/byrnihat/umiam-river-valley-byrnihat,landmark,india/north-east-india/meghalaya/ri-bhoi-and-umiam/ri-bhoi-district/byrnihat,India,,domestic,true,true,River and foothill landscape near the state gateway.,,,,90,,,river|road_trip,,,,,,,https://www.meghalayatourism.in/destinations/
Tura,india/north-east-india/meghalaya/garo-hills/west-garo-hills-district/tura,city,india/north-east-india/meghalaya/garo-hills/west-garo-hills-district,India,,domestic,true,true,"Principal city of the Garo Hills and gateway to Nokrek, waterfalls and cultural landscapes.",25.5142,90.2021,,,October to April,,,,,,,,,https://www.meghalayatourism.in/
Tura Peak,india/north-east-india/meghalaya/garo-hills/west-garo-hills-district/tura/tura-peak,landmark,india/north-east-india/meghalaya/garo-hills/west-garo-hills-district/tura,India,,domestic,true,true,Forested hill and viewpoint above Tura.,,,,180,,,trekking|viewpoint,,,,,,,https://www.meghalayatourism.in/destinations/
Pelga Falls,india/north-east-india/meghalaya/garo-hills/west-garo-hills-district/tura/pelga-falls,landmark,india/north-east-india/meghalaya/garo-hills/west-garo-hills-district/tura,India,,domestic,true,true,Waterfall and recreation destination near Tura.,,,,90,,,waterfall|nature,,,,,,,https://www.meghalayatourism.in/destinations/
Gandrak Dare,india/north-east-india/meghalaya/garo-hills/west-garo-hills-district/tura/gandrak-dare,landmark,india/north-east-india/meghalaya/garo-hills/west-garo-hills-district/tura,India,,domestic,true,true,Waterfall in the Tura region.,,,,90,,,waterfall|nature,,,,,,,https://www.meghalayatourism.in/destinations/
District Museum Tura,india/north-east-india/meghalaya/garo-hills/west-garo-hills-district/tura/district-museum-tura,landmark,india/north-east-india/meghalaya/garo-hills/west-garo-hills-district/tura,India,,domestic,true,true,Museum documenting Garo heritage and regional history.,,,,90,,,museum|culture,,,,,,,https://www.meghalayatourism.in/destinations/
Chandigre Rural Tourism Village,india/north-east-india/meghalaya/garo-hills/west-garo-hills-district/tura/chandigre-rural-tourism-village,landmark,india/north-east-india/meghalaya/garo-hills/west-garo-hills-district/tura,India,,domestic,true,true,Garo cultural village and rural tourism destination.,,,,150,,,village|culture,,,,,,,https://www.meghalayatourism.in/destinations/
Rongbang Dare,india/north-east-india/meghalaya/garo-hills/west-garo-hills-district/tura/rongbang-dare,landmark,india/north-east-india/meghalaya/garo-hills/west-garo-hills-district/tura,India,,domestic,true,true,Roadside waterfall near Tura.,,,,60,,,waterfall|photography,,,,,,,https://www.meghalayatourism.in/destinations/
Nokrek,india/north-east-india/meghalaya/garo-hills/west-garo-hills-district/nokrek,city,india/north-east-india/meghalaya/garo-hills/west-garo-hills-district,India,,domestic,true,true,Biosphere landscape of forested hills and citrus diversity.,,,,,October to April,,,,,,,,,https://www.meghalayatourism.in/
Nokrek National Park,india/north-east-india/meghalaya/garo-hills/west-garo-hills-district/nokrek/nokrek-national-park,landmark,india/north-east-india/meghalaya/garo-hills/west-garo-hills-district/nokrek,India,,domestic,true,true,Protected Garo Hills forest and biosphere reserve.,,,,300,,,national_park|wildlife,,,,,,,https://www.meghalayatourism.in/destinations/
Nokrek Peak,india/north-east-india/meghalaya/garo-hills/west-garo-hills-district/nokrek/nokrek-peak,landmark,india/north-east-india/meghalaya/garo-hills/west-garo-hills-district/nokrek,India,,domestic,true,true,High forested peak and trekking destination.,,,,300,,,trekking|mountain,,,,,,,https://www.meghalayatourism.in/destinations/
National Citrus Gene Sanctuary,india/north-east-india/meghalaya/garo-hills/west-garo-hills-district/nokrek/national-citrus-gene-sanctuary,landmark,india/north-east-india/meghalaya/garo-hills/west-garo-hills-district/nokrek,India,,domestic,true,true,Conservation area associated with wild citrus diversity.,,,,180,,,botanical|conservation,,,,,,,https://www.meghalayatourism.in/destinations/
Daribokgre Village,india/north-east-india/meghalaya/garo-hills/west-garo-hills-district/nokrek/daribokgre-village,landmark,india/north-east-india/meghalaya/garo-hills/west-garo-hills-district/nokrek,India,,domestic,true,true,Village base for Nokrek trekking.,,,,120,,,village|trekking,,,,,,,https://www.meghalayatourism.in/destinations/
Balpakram,india/north-east-india/meghalaya/garo-hills/south-garo-hills-district/balpakram,city,india/north-east-india/meghalaya/garo-hills/south-garo-hills-district,India,,domestic,true,true,"Remote plateau national park known for cliffs, forests and Garo mythology.",,,,,October to April,,,,,,,,,https://www.meghalayatourism.in/
Balpakram National Park,india/north-east-india/meghalaya/garo-hills/south-garo-hills-district/balpakram/balpakram-national-park,landmark,india/north-east-india/meghalaya/garo-hills/south-garo-hills-district/balpakram,India,,domestic,true,true,High plateau and canyon landscape with rich wildlife.,,,,360,,,national_park|wildlife,,,,,,,https://www.meghalayatourism.in/destinations/
Balpakram Canyon Viewpoint,india/north-east-india/meghalaya/garo-hills/south-garo-hills-district/balpakram/balpakram-canyon-viewpoint,landmark,india/north-east-india/meghalaya/garo-hills/south-garo-hills-district/balpakram,India,,domestic,true,true,Dramatic cliff and gorge viewpoint.,,,,120,,,viewpoint|canyon,,,,,,,https://www.meghalayatourism.in/destinations/
Goncho Dare,india/north-east-india/meghalaya/garo-hills/south-garo-hills-district/balpakram/goncho-dare,landmark,india/north-east-india/meghalaya/garo-hills/south-garo-hills-district/balpakram,India,,domestic,true,true,Waterfall in the Balpakram landscape.,,,,120,,,waterfall|forest,,,,,,,https://www.meghalayatourism.in/destinations/
Mahadeo Hills,india/north-east-india/meghalaya/garo-hills/south-garo-hills-district/balpakram/mahadeo-hills,landmark,india/north-east-india/meghalaya/garo-hills/south-garo-hills-district/balpakram,India,,domestic,true,true,Sacred and forested hill landscape.,,,,180,,,hill|religious,,,,,,,https://www.meghalayatourism.in/destinations/
Baghmara,india/north-east-india/meghalaya/garo-hills/south-garo-hills-district/baghmara,city,india/north-east-india/meghalaya/garo-hills/south-garo-hills-district,India,,domestic,true,true,"Southern Garo Hills town near caves, wildlife and the Bangladesh border.",,,,,October to April,,,,,,,,,https://www.meghalayatourism.in/
Siju Cave,india/north-east-india/meghalaya/garo-hills/south-garo-hills-district/baghmara/siju-cave,landmark,india/north-east-india/meghalaya/garo-hills/south-garo-hills-district/baghmara,India,,domestic,true,true,Major limestone cave system near the Simsang River.,,,,180,,,cave|adventure,,,,,,,https://www.meghalayatourism.in/destinations/
Siju Bird Sanctuary,india/north-east-india/meghalaya/garo-hills/south-garo-hills-district/baghmara/siju-bird-sanctuary,landmark,india/north-east-india/meghalaya/garo-hills/south-garo-hills-district/baghmara,India,,domestic,true,true,Riverine bird sanctuary near Siju.,,,,180,,,birdwatching|wildlife,,,,,,,https://www.meghalayatourism.in/destinations/
Simsang River,india/north-east-india/meghalaya/garo-hills/south-garo-hills-district/baghmara/simsang-river,landmark,india/north-east-india/meghalaya/garo-hills/south-garo-hills-district/baghmara,India,,domestic,true,true,Major river landscape of the Garo Hills.,,,,120,,,river|nature,,,,,,,https://www.meghalayatourism.in/destinations/
Baghmara Reserve Forest,india/north-east-india/meghalaya/garo-hills/south-garo-hills-district/baghmara/baghmara-reserve-forest,landmark,india/north-east-india/meghalaya/garo-hills/south-garo-hills-district/baghmara,India,,domestic,true,true,Protected forest near the town.,,,,180,,,forest|wildlife,,,,,,,https://www.meghalayatourism.in/destinations/
Pitcher Plant Sanctuary Baghmara,india/north-east-india/meghalaya/garo-hills/south-garo-hills-district/baghmara/pitcher-plant-sanctuary-baghmara,landmark,india/north-east-india/meghalaya/garo-hills/south-garo-hills-district/baghmara,India,,domestic,true,true,Conservation area for carnivorous pitcher plants.,,,,90,,,botanical|conservation,,,,,,,https://www.meghalayatourism.in/destinations/
Williamnagar,india/north-east-india/meghalaya/garo-hills/east-garo-hills-district/williamnagar,city,india/north-east-india/meghalaya/garo-hills/east-garo-hills-district,India,,domestic,true,true,District centre on the Simsang River and gateway to eastern Garo landscapes.,,,,,October to April,,,,,,,,,https://www.meghalayatourism.in/
Simsang Riverfront Williamnagar,india/north-east-india/meghalaya/garo-hills/east-garo-hills-district/williamnagar/simsang-riverfront-williamnagar,landmark,india/north-east-india/meghalaya/garo-hills/east-garo-hills-district/williamnagar,India,,domestic,true,true,Riverbank recreation and landscape area.,,,,90,,,riverfront|walking,,,,,,,https://www.meghalayatourism.in/destinations/
Rongrenggre Fish Sanctuary,india/north-east-india/meghalaya/garo-hills/east-garo-hills-district/williamnagar/rongrenggre-fish-sanctuary,landmark,india/north-east-india/meghalaya/garo-hills/east-garo-hills-district/williamnagar,India,,domestic,true,true,Community-protected river pool and fish habitat.,,,,75,,,river|conservation,,,,,,,https://www.meghalayatourism.in/destinations/
Mrik Wari,india/north-east-india/meghalaya/garo-hills/east-garo-hills-district/williamnagar/mrik-wari,landmark,india/north-east-india/meghalaya/garo-hills/east-garo-hills-district/williamnagar,India,,domestic,true,true,Rocky river and picnic landscape.,,,,120,,,river|picnic,,,,,,,https://www.meghalayatourism.in/destinations/
Resubelpara,india/north-east-india/meghalaya/garo-hills/north-garo-hills-district/resubelpara,city,india/north-east-india/meghalaya/garo-hills/north-garo-hills-district,India,,domestic,true,true,North Garo Hills town and railway gateway of Meghalaya.,,,,,October to April,,,,,,,,,https://www.meghalayatourism.in/
Resubelpara Viewpoint,india/north-east-india/meghalaya/garo-hills/north-garo-hills-district/resubelpara/resubelpara-viewpoint,landmark,india/north-east-india/meghalaya/garo-hills/north-garo-hills-district/resubelpara,India,,domestic,true,true,Hill and valley viewpoint around the town.,,,,60,,,viewpoint|hill,,,,,,,https://www.meghalayatourism.in/destinations/
Dudhnoi River Landscape,india/north-east-india/meghalaya/garo-hills/north-garo-hills-district/resubelpara/dudhnoi-river-landscape,landmark,india/north-east-india/meghalaya/garo-hills/north-garo-hills-district/resubelpara,India,,domestic,true,true,River and rural landscape in the northern Garo foothills.,,,,90,,,river|nature,,,,,,,https://www.meghalayatourism.in/destinations/
Mendipathar Railway Station,india/north-east-india/meghalaya/garo-hills/north-garo-hills-district/resubelpara/mendipathar-railway-station,railway_station,india/north-east-india/meghalaya/garo-hills/north-garo-hills-district/resubelpara,India,,domestic,true,true,Operational railway station serving Resubelpara and North Garo Hills; Meghalaya's only operational station.,,,,,,,,,,,MNDP,Mendipathar Railway Station,,https://fois.indianrail.gov.in/FOISWebPortal/resources/pdf/zonal_maps/NF.pdf
Mendipathar,india/north-east-india/meghalaya/garo-hills/north-garo-hills-district/mendipathar,city,india/north-east-india/meghalaya/garo-hills/north-garo-hills-district,India,,domestic,true,true,Railway town and northern gateway to the Garo Hills.,,,,,October to April,,,,,,,,,https://www.meghalayatourism.in/
Mendipathar Rural Landscape,india/north-east-india/meghalaya/garo-hills/north-garo-hills-district/mendipathar/mendipathar-rural-landscape,landmark,india/north-east-india/meghalaya/garo-hills/north-garo-hills-district/mendipathar,India,,domestic,true,true,Agricultural and foothill scenery around the railway town.,,,,90,,,village|landscape,,,,,,,https://www.meghalayatourism.in/destinations/
Ampati,india/north-east-india/meghalaya/garo-hills/south-west-garo-hills-district/ampati,city,india/north-east-india/meghalaya/garo-hills/south-west-garo-hills-district,India,,domestic,true,true,District centre in south-western Garo Hills.,,,,,October to April,,,,,,,,,https://www.meghalayatourism.in/
Ampati Lake,india/north-east-india/meghalaya/garo-hills/south-west-garo-hills-district/ampati/ampati-lake,landmark,india/north-east-india/meghalaya/garo-hills/south-west-garo-hills-district/ampati,India,,domestic,true,true,Local lake and recreation area.,,,,90,,,lake|family,,,,,,,https://www.meghalayatourism.in/destinations/
Boldak Matchu Karam,india/north-east-india/meghalaya/garo-hills/south-west-garo-hills-district/ampati/boldak-matchu-karam,landmark,india/north-east-india/meghalaya/garo-hills/south-west-garo-hills-district/ampati,India,,domestic,true,true,Local cultural and natural landscape in South West Garo Hills.,,,,120,,,culture|nature,,,,,,,https://www.meghalayatourism.in/destinations/
Mawlyngkhung,india/north-east-india/meghalaya/shillong-and-khasi-hills/east-khasi-hills-district/mawlyngkhung,city,india/north-east-india/meghalaya/shillong-and-khasi-hills/east-khasi-hills-district,India,,domestic,true,true,Rural Khasi destination with forest and stream landscapes.,,,,,October to April,,,,,,,,,https://www.meghalayatourism.in/
Mawlyngkhung Village Trail,india/north-east-india/meghalaya/shillong-and-khasi-hills/east-khasi-hills-district/mawlyngkhung/mawlyngkhung-village-trail,landmark,india/north-east-india/meghalaya/shillong-and-khasi-hills/east-khasi-hills-district/mawlyngkhung,India,,domestic,true,true,Community walking route through farms and forest.,,,,120,,,village|walking,,,,,,,https://www.meghalayatourism.in/destinations/
Smit,india/north-east-india/meghalaya/shillong-and-khasi-hills/east-khasi-hills-district/smit,city,india/north-east-india/meghalaya/shillong-and-khasi-hills/east-khasi-hills-district,India,,domestic,true,true,Khasi cultural settlement near dramatic canyon viewpoints.,,,,,October to April,,,,,,,,,https://www.meghalayatourism.in/
Laitlum Canyons,india/north-east-india/meghalaya/shillong-and-khasi-hills/east-khasi-hills-district/smit/laitlum-canyons,landmark,india/north-east-india/meghalaya/shillong-and-khasi-hills/east-khasi-hills-district/smit,India,,domestic,true,true,Deep gorge and grassland viewpoint east of Shillong.,,,,120,,,canyon|viewpoint|trekking,,,,,,,https://www.meghalayatourism.in/destinations/
Smit Village Cultural Landscape,india/north-east-india/meghalaya/shillong-and-khasi-hills/east-khasi-hills-district/smit/smit-village-cultural-landscape,landmark,india/north-east-india/meghalaya/shillong-and-khasi-hills/east-khasi-hills-district/smit,India,,domestic,true,true,Traditional seat associated with Khasi cultural institutions.,,,,90,,,village|culture,,,,,,,https://www.meghalayatourism.in/destinations/
Umden,india/north-east-india/meghalaya/ri-bhoi-and-umiam/ri-bhoi-district/umden,city,india/north-east-india/meghalaya/ri-bhoi-and-umiam/ri-bhoi-district,India,,domestic,true,true,Eri-silk craft village in Ri-Bhoi.,,,,,October to April,,,,,,,,,https://www.meghalayatourism.in/
Umden Eri Silk Village,india/north-east-india/meghalaya/ri-bhoi-and-umiam/ri-bhoi-district/umden/umden-eri-silk-village,landmark,india/north-east-india/meghalaya/ri-bhoi-and-umiam/ri-bhoi-district/umden,India,,domestic,true,true,Traditional eri-silk spinning and weaving community.,,,,150,,,craft|textile|village,,,,,,,https://www.meghalayatourism.in/destinations/
Mawkhan,india/north-east-india/meghalaya/shillong-and-khasi-hills/east-khasi-hills-district/mawkhan,city,india/north-east-india/meghalaya/shillong-and-khasi-hills/east-khasi-hills-district,India,,domestic,true,true,Rural highland destination near forest and canyon routes.,,,,,October to April,,,,,,,,,https://www.meghalayatourism.in/
Mawkhan Valley Viewpoint,india/north-east-india/meghalaya/shillong-and-khasi-hills/east-khasi-hills-district/mawkhan/mawkhan-valley-viewpoint,landmark,india/north-east-india/meghalaya/shillong-and-khasi-hills/east-khasi-hills-district/mawkhan,India,,domestic,true,true,Open hill and valley views.,,,,60,,,viewpoint|nature,,,,,,,https://www.meghalayatourism.in/destinations/
